20200805_155725.jpg,0
20200805_155745.jpg,0
20200805_155814.jpg,0
20200805_155829.jpg,0
20200805_155928.jpg,0
20200805_160308.jpg,0
20200805_160402.jpg,0
download (1).jpg,0
ma.jpg,0
m6.jpg,0
m4.jpg,0
m9.jpg,0
m2.jpg,0
m8.jpg,0
m10.jpg,0
maxresdefault.jpg,0
m3.jpg,0
ma2.jpg,0
ma3.jpg,0
m.jpg,0
aa1.jpg,1
a15.jpg,1
a16.jpg,1
a21.jpg,1
a22.jpg,1
a32.jpg,1
a33.jpg,1
a34.jpg,1
aa1.jpg,1
aaa1.jpg,1
as.jpg,1
ar.jpg,1
images (9).jpg,1
images (10).jpg,1
images (11).jpg,1
images (12).jpg,1
images (13).jpg,1
images (14).jpg,1
mqdefault.jpg,1
a12.jpg,1
b1.jpg,2
b2.jpg,2
b3.jpg,2
b4.jpg,2
b5.jpg,2
b6.jpg,2
b7.jpg,2
b11.jpg,2
download (5).jpg,2
download (4).jpg,2
images (5).jpg,2
images (1).jpg,2
b8.jpg,2
images (2).jpg,2
images (9).jpg,2
images (8).jpg,2
b10.jpg,2
images (6).jpg,2
images (7).jpg,2
images (3).jpg,2
t.jpg,3
t1.jpg,3
t2.jpg,3
t3.jpg,3
t4.jpg,3
t5.jpg,3
t6.jpg,3
t7.jpg,3
t8.jpg,3
t9.jpg,3
t10.jpg,3
t11.jpg,3
t12.jpg,3
t13.jpg,3
t14.jpg,3
t15.jpg,3
t16.jpg,3
t17.jpg,3
t18.jpg,3
t19.jpg,3
